Protein_ID,pfam_name,DBD_seq,TFBS_seq,len_TFBS
Manes.01G111600.1.p,zf-C2H2,YECQYCFREFSNSQALGGHQNAH,TGGCATTGCAT,11
Manes.04G033900.1.p,GATA,RGGALRNVPVGGGCRRNKKNK,AATCATGGGA,10
Manes.07G099600.1.p,GATA,CVHCEITKTPQWRAGPMGPKTLCNACGVRYKSGR,AGGATATTCCT,11
Manes.07G041300.1.p,GATA,CTHCGTSSKSTPMMRRGPAGPRTLCNACGLKWANKG,AATCATGGGA,10
Manes.S034200.1.p,AP2,SNYKGVRRRPWGKYIAEIRDPFRKVRIWLGTYDTEEEAAAAYRKKEEEFE,CAGTTCTTTC,10
Manes.14G099100.1.p,bZIP_1,KTLRRLAQNREAARKSRLRKKAYVQQLESSRHRLAQLEQ,TCATGAC,7
Manes.01G244000.1.p,zf-Dof,PQEQLNCPRCNSTNTKFCYYNNYSLTQPRYFCKTCRRYWTEGGSLRNVPVGGGSRKNKRST,TGGAAAAGTTA,11
Manes.15G009900.1.p,AP2,YRGIRQRPWGKWAAEIRDPHKGVRVWLGTYNTAEEAARAYDEAAKRIRG,ATGCCGAG,8
Manes.15G009900.1.p,AP2,YRGIRQRPWGKWAAEIRDPHKGVRVWLGTYNTAEEAARAYDEAAKRIRG,ATGCCGAGA,9
